﻿<parameters>
  <parameter name="IIS Web Application Name" defaultValue="Diary" tags="IisApp">
    <parameterEntry kind="ProviderPath" scope="IisApp" match="^C:\\Users\\defau_000\\source\\repos\\Diary\\Diary\\obj\\Release\\Package\\PackageTmp$" />
    <parameterEntry kind="ProviderPath" scope="setAcl" match="^C:\\Users\\defau_000\\source\\repos\\Diary\\Diary\\obj\\Release\\Package\\PackageTmp$" />
  </parameter>
  <parameter name="DiaryContext-развертывание-Deployment Connection String" defaultValue="" tags="SqlConnectionString">
    <parameterEntry kind="ProviderPath" scope="DbFullSql" match="^C:\\Users\\defau_000\\source\\repos\\Diary\\Diary\\obj\\Release\\AutoScripts\\DiaryContext-развертывание_SchemaOnly\.sql$" />
  </parameter>
  <parameter name="DiaryContext-Web.config Connection String" description="DiaryContext Строка подключения в web.config, используемая приложением для доступа к базе данных." defaultValue="Data Source=LENOVO-PC;Initial Catalog=Diary;Integrated Security=SSPI;AttachDBFilename=|DataDirectory|\Diary.mdf" tags="SqlConnectionString">
    <parameterEntry kind="XmlFile" scope="C:\\Users\\defau_000\\source\\repos\\Diary\\Diary\\obj\\Release\\Package\\PackageTmp\\Web\.config$" match="/configuration/connectionStrings/add[@name='DiaryContext']/@connectionString" />
  </parameter>
</parameters>